-- phpMyAdmin SQL Dump
-- version 5.2.1
-- https://www.phpmyadmin.net/
--
-- Host: 127.0.0.1
-- Generation Time: Jun 17, 2025 at 06:41 AM
-- Server version: 10.4.32-MariaDB
-- PHP Version: 8.2.12

SET SQL_MODE = "NO_AUTO_VALUE_ON_ZERO";
START TRANSACTION;
SET time_zone = "+00:00";


/*!40101 SET @OLD_CHARACTER_SET_CLIENT=@@CHARACTER_SET_CLIENT */;
/*!40101 SET @OLD_CHARACTER_SET_RESULTS=@@CHARACTER_SET_RESULTS */;
/*!40101 SET @OLD_COLLATION_CONNECTION=@@COLLATION_CONNECTION */;
/*!40101 SET NAMES utf8mb4 */;

--
-- Database: `toko_atk`
--

-- --------------------------------------------------------

--
-- Table structure for table `barang`
--

CREATE TABLE `barang` (
  `id_barang` int(11) NOT NULL,
  `nama` varchar(100) DEFAULT NULL,
  `jenis` varchar(50) DEFAULT NULL,
  `harga` double DEFAULT NULL,
  `stok` int(11) DEFAULT NULL
) ENGINE=InnoDB DEFAULT CHARSET=utf8mb4 COLLATE=utf8mb4_general_ci;

--
-- Dumping data for table `barang`
--

INSERT INTO `barang` (`id_barang`, `nama`, `jenis`, `harga`, `stok`) VALUES
(1, 'Pulpen Standard', 'Pulpen', 2500, 97),
(2, 'Buku Tulis Sidu', 'Buku', 3000, 147),
(3, 'Pensil 2B Faber', 'Pensil', 2000, 117),
(4, 'Penghapus Kenko', 'Penghapus', 1000, 76),
(5, 'Spidol Snowman', 'Spidol', 5000, 50),
(6, 'dadamd', 'adca', 3000, 79);

-- --------------------------------------------------------

--
-- Table structure for table `detail_penjualan`
--

CREATE TABLE `detail_penjualan` (
  `id_detail` int(11) NOT NULL,
  `id_penjualan` int(11) DEFAULT NULL,
  `id_barang` int(11) DEFAULT NULL,
  `jumlah` int(11) DEFAULT NULL,
  `subtotal` double DEFAULT NULL
) ENGINE=InnoDB DEFAULT CHARSET=utf8mb4 COLLATE=utf8mb4_general_ci;

--
-- Dumping data for table `detail_penjualan`
--

INSERT INTO `detail_penjualan` (`id_detail`, `id_penjualan`, `id_barang`, `jumlah`, `subtotal`) VALUES
(1, 2, 1, 1, 2500),
(2, 3, 3, 3, 6000),
(3, 3, 2, 2, 6000),
(4, 4, 4, 4, 4000),
(5, 4, 6, 1, 3000);

-- --------------------------------------------------------

--
-- Table structure for table `pelanggan`
--

CREATE TABLE `pelanggan` (
  `id_pelanggan` int(11) NOT NULL,
  `nama` varchar(100) DEFAULT NULL,
  `kontak` varchar(30) DEFAULT NULL,
  `alamat` varchar(100) DEFAULT NULL
) ENGINE=InnoDB DEFAULT CHARSET=utf8mb4 COLLATE=utf8mb4_general_ci;

--
-- Dumping data for table `pelanggan`
--

INSERT INTO `pelanggan` (`id_pelanggan`, `nama`, `kontak`, `alamat`) VALUES
(1, 'Tobi', '085876641', 'Cimahi'),
(2, 'dadang', '1209371', 'Cimahi'),
(3, 'salsa', '0899765', 'cimahi'),
(4, 'tata', '09718178831', 'cimahai');

-- --------------------------------------------------------

--
-- Table structure for table `penjualan`
--

CREATE TABLE `penjualan` (
  `id_penjualan` int(11) NOT NULL,
  `id_petugas` int(11) DEFAULT NULL,
  `id_pelanggan` int(11) DEFAULT NULL,
  `tanggal` datetime DEFAULT NULL,
  `total` double DEFAULT NULL
) ENGINE=InnoDB DEFAULT CHARSET=utf8mb4 COLLATE=utf8mb4_general_ci;

--
-- Dumping data for table `penjualan`
--

INSERT INTO `penjualan` (`id_penjualan`, `id_petugas`, `id_pelanggan`, `tanggal`, `total`) VALUES
(1, 1, 1, '2025-06-17 00:00:00', 8000),
(2, 1, 2, '2025-06-17 00:00:00', 2500),
(3, 1, 3, '2025-06-17 00:00:00', 12000),
(4, 1, 4, '2025-06-17 00:00:00', 7000);

-- --------------------------------------------------------

--
-- Table structure for table `petugas`
--

CREATE TABLE `petugas` (
  `id_petugas` int(11) NOT NULL,
  `nama` varchar(100) DEFAULT NULL,
  `username` varchar(50) DEFAULT NULL,
  `password` varchar(50) DEFAULT NULL
) ENGINE=InnoDB DEFAULT CHARSET=utf8mb4 COLLATE=utf8mb4_general_ci;

--
-- Dumping data for table `petugas`
--

INSERT INTO `petugas` (`id_petugas`, `nama`, `username`, `password`) VALUES
(1, 'Sayid Ali Akbar', 'Sayid', '123'),
(3, 'Toko Admin', 'Admin', '123');

--
-- Indexes for dumped tables
--

--
-- Indexes for table `barang`
--
ALTER TABLE `barang`
  ADD PRIMARY KEY (`id_barang`);

--
-- Indexes for table `detail_penjualan`
--
ALTER TABLE `detail_penjualan`
  ADD PRIMARY KEY (`id_detail`),
  ADD KEY `id_penjualan` (`id_penjualan`),
  ADD KEY `id_barang` (`id_barang`);

--
-- Indexes for table `pelanggan`
--
ALTER TABLE `pelanggan`
  ADD PRIMARY KEY (`id_pelanggan`);

--
-- Indexes for table `penjualan`
--
ALTER TABLE `penjualan`
  ADD PRIMARY KEY (`id_penjualan`),
  ADD KEY `id_petugas` (`id_petugas`),
  ADD KEY `id_pelanggan` (`id_pelanggan`);

--
-- Indexes for table `petugas`
--
ALTER TABLE `petugas`
  ADD PRIMARY KEY (`id_petugas`);

--
-- AUTO_INCREMENT for dumped tables
--

--
-- AUTO_INCREMENT for table `barang`
--
ALTER TABLE `barang`
  MODIFY `id_barang` int(11) NOT NULL AUTO_INCREMENT, AUTO_INCREMENT=7;

--
-- AUTO_INCREMENT for table `detail_penjualan`
--
ALTER TABLE `detail_penjualan`
  MODIFY `id_detail` int(11) NOT NULL AUTO_INCREMENT, AUTO_INCREMENT=6;

--
-- AUTO_INCREMENT for table `pelanggan`
--
ALTER TABLE `pelanggan`
  MODIFY `id_pelanggan` int(11) NOT NULL AUTO_INCREMENT, AUTO_INCREMENT=5;

--
-- AUTO_INCREMENT for table `penjualan`
--
ALTER TABLE `penjualan`
  MODIFY `id_penjualan` int(11) NOT NULL AUTO_INCREMENT, AUTO_INCREMENT=5;

--
-- AUTO_INCREMENT for table `petugas`
--
ALTER TABLE `petugas`
  MODIFY `id_petugas` int(11) NOT NULL AUTO_INCREMENT, AUTO_INCREMENT=4;

--
-- Constraints for dumped tables
--

--
-- Constraints for table `detail_penjualan`
--
ALTER TABLE `detail_penjualan`
  ADD CONSTRAINT `detail_penjualan_ibfk_1` FOREIGN KEY (`id_penjualan`) REFERENCES `penjualan` (`id_penjualan`),
  ADD CONSTRAINT `detail_penjualan_ibfk_2` FOREIGN KEY (`id_barang`) REFERENCES `barang` (`id_barang`);

--
-- Constraints for table `penjualan`
--
ALTER TABLE `penjualan`
  ADD CONSTRAINT `penjualan_ibfk_1` FOREIGN KEY (`id_petugas`) REFERENCES `petugas` (`id_petugas`),
  ADD CONSTRAINT `penjualan_ibfk_2` FOREIGN KEY (`id_pelanggan`) REFERENCES `pelanggan` (`id_pelanggan`);
COMMIT;

/*!40101 SET CHARACTER_SET_CLIENT=@OLD_CHARACTER_SET_CLIENT */;
/*!40101 SET CHARACTER_SET_RESULTS=@OLD_CHARACTER_SET_RESULTS */;
/*!40101 SET COLLATION_CONNECTION=@OLD_COLLATION_CONNECTION */;
